{"cameraMode":{"drawMode":0,"name":"Shaded","section":"Shading Mode"},"sceneLighting":true,"audioPlay":false,"sceneViewState":{"m_AlwaysRefresh":false,"showFog":true,"showSkybox":true,"showFlares":true,"showImageEffects":true,"showParticleSystems":true,"showVisualEffectGraphs":true,"m_FxEnabled":true},"in2DMode":false,"pivot":{"x":55.84761047363281,"y":2.9570000171661379,"z":57.70550537109375},"rotation":{"x":-0.042972832918167117,"y":0.9527400732040405,"z":-0.25385573506355288,"w":-0.1612941175699234},"size":1.6710524559020997,"orthographic":false}