{"cameraMode":{"drawMode":0,"name":"Shaded","section":"Shading Mode"},"sceneLighting":false,"audioPlay":false,"sceneViewState":{"m_AlwaysRefresh":false,"showFog":true,"showSkybox":false,"showFlares":true,"showImageEffects":true,"showParticleSystems":true,"showVisualEffectGraphs":true,"m_FxEnabled":true},"in2DMode":false,"pivot":{"x":-5.960464477539063e-8,"y":0.566691517829895,"z":-0.0004841238260269165},"rotation":{"x":-0.007903696037828923,"y":0.9920137524604797,"z":-0.08233653753995896,"w":-0.09522558003664017},"size":0.668513834476471,"orthographic":false}