{"cameraMode":{"drawMode":0,"name":"Shaded","section":"Shading Mode"},"sceneLighting":false,"audioPlay":false,"sceneViewState":{"showFog":true,"showMaterialUpdate":false,"showSkybox":false,"showFlares":true,"showImageEffects":true,"showParticleSystems":true},"in2DMode":false,"pivot":{"x":0.2059612274169922,"y":2.0515058040618898,"z":0.3177046775817871},"rotation":{"x":-0.15604345500469209,"y":0.6933900713920593,"z":-0.15783122181892396,"w":-0.6855311393737793},"size":2.6707653999328615,"orthographic":false}